"Datum";"Cas";"Cena_Spot";"Tarif";"Cena_Konecna";"Cena_Bat";"Sell";"Fix";"Plyn"
"2026-09-29";"00:00";"126.3";"NT";"173.95";"219.97";"116.03";"127.47";"65.00"
"2026-09-29";"00:05";"126.3";"NT";"173.95";"219.97";"116.03";"127.47";"65.00"
"2026-09-29";"00:10";"126.3";"NT";"173.95";"219.97";"116.03";"127.47";"65.00"
"2026-09-29";"00:15";"172.63";"NT";"230.01";"282.26";"162.36";"127.47";"65.00"
"2026-09-29";"00:20";"172.63";"NT";"230.01";"282.26";"162.36";"127.47";"65.00"
"2026-09-29";"00:25";"172.63";"NT";"230.01";"282.26";"162.36";"127.47";"65.00"
"2026-09-29";"00:30";"172.78";"NT";"230.19";"282.46";"162.51";"127.47";"65.00"
"2026-09-29";"00:35";"172.78";"NT";"230.19";"282.46";"162.51";"127.47";"65.00"
"2026-09-29";"00:40";"172.78";"NT";"230.19";"282.46";"162.51";"127.47";"65.00"
"2026-09-29";"00:45";"167.3";"NT";"223.56";"275.10";"157.03";"127.47";"65.00"
"2026-09-29";"00:50";"167.3";"NT";"223.56";"275.10";"157.03";"127.47";"65.00"
"2026-09-29";"00:55";"167.3";"NT";"223.56";"275.10";"157.03";"127.47";"65.00"
"2026-09-29";"01:00";"180.11";"NT";"239.06";"292.32";"169.84";"127.47";"65.00"
"2026-09-29";"01:05";"180.11";"NT";"239.06";"292.32";"169.84";"127.47";"65.00"
"2026-09-29";"01:10";"180.11";"NT";"239.06";"292.32";"169.84";"127.47";"65.00"
"2026-09-29";"01:15";"177.86";"NT";"236.34";"289.29";"167.59";"127.47";"65.00"
"2026-09-29";"01:20";"177.86";"NT";"236.34";"289.29";"167.59";"127.47";"65.00"
"2026-09-29";"01:25";"177.86";"NT";"236.34";"289.29";"167.59";"127.47";"65.00"
"2026-09-29";"01:30";"165";"NT";"220.78";"272.00";"154.73";"127.47";"65.00"
"2026-09-29";"01:35";"165";"NT";"220.78";"272.00";"154.73";"127.47";"65.00"
"2026-09-29";"01:40";"165";"NT";"220.78";"272.00";"154.73";"127.47";"65.00"
"2026-09-29";"01:45";"150.95";"NT";"203.78";"253.11";"140.68";"127.47";"65.00"
"2026-09-29";"01:50";"150.95";"NT";"203.78";"253.11";"140.68";"127.47";"65.00"
"2026-09-29";"01:55";"150.95";"NT";"203.78";"253.11";"140.68";"127.47";"65.00"
"2026-09-29";"02:00";"155.14";"VT";"221.09";"272.35";"144.87";"139.71";"65.00"
"2026-09-29";"02:05";"155.14";"VT";"221.09";"272.35";"144.87";"139.71";"65.00"
"2026-09-29";"02:10";"155.14";"VT";"221.09";"272.35";"144.87";"139.71";"65.00"
"2026-09-29";"02:15";"148";"VT";"212.45";"262.75";"137.73";"139.71";"65.00"
"2026-09-29";"02:20";"148";"VT";"212.45";"262.75";"137.73";"139.71";"65.00"
"2026-09-29";"02:25";"148";"VT";"212.45";"262.75";"137.73";"139.71";"65.00"
"2026-09-29";"02:30";"152.03";"VT";"217.33";"268.17";"141.76";"139.71";"65.00"
"2026-09-29";"02:35";"152.03";"VT";"217.33";"268.17";"141.76";"139.71";"65.00"
"2026-09-29";"02:40";"152.03";"NT";"205.09";"254.57";"141.76";"127.47";"65.00"
"2026-09-29";"02:45";"153";"NT";"206.26";"255.87";"142.73";"127.47";"65.00"
"2026-09-29";"02:50";"153";"NT";"206.26";"255.87";"142.73";"127.47";"65.00"
"2026-09-29";"02:55";"153";"NT";"206.26";"255.87";"142.73";"127.47";"65.00"
"2026-09-29";"03:00";"149";"NT";"201.42";"250.49";"138.73";"127.47";"65.00"
"2026-09-29";"03:05";"149";"NT";"201.42";"250.49";"138.73";"127.47";"65.00"
"2026-09-29";"03:10";"149";"NT";"201.42";"250.49";"138.73";"127.47";"65.00"
"2026-09-29";"03:15";"150.81";"NT";"203.61";"252.93";"140.54";"127.47";"65.00"
"2026-09-29";"03:20";"150.81";"NT";"203.61";"252.93";"140.54";"127.47";"65.00"
"2026-09-29";"03:25";"150.81";"NT";"203.61";"252.93";"140.54";"127.47";"65.00"
"2026-09-29";"03:30";"164";"NT";"219.57";"270.66";"153.73";"127.47";"65.00"
"2026-09-29";"03:35";"164";"NT";"219.57";"270.66";"153.73";"127.47";"65.00"
"2026-09-29";"03:40";"164";"NT";"219.57";"270.66";"153.73";"127.47";"65.00"
"2026-09-29";"03:45";"151.46";"NT";"204.40";"253.80";"141.19";"127.47";"65.00"
"2026-09-29";"03:50";"151.46";"NT";"204.40";"253.80";"141.19";"127.47";"65.00"
"2026-09-29";"03:55";"151.46";"NT";"204.40";"253.80";"141.19";"127.47";"65.00"
"2026-09-29";"04:00";"152.35";"NT";"205.47";"255.00";"142.08";"127.47";"65.00"
"2026-09-29";"04:05";"152.35";"NT";"205.47";"255.00";"142.08";"127.47";"65.00"
"2026-09-29";"04:10";"152.35";"NT";"205.47";"255.00";"142.08";"127.47";"65.00"
"2026-09-29";"04:15";"147.35";"NT";"199.42";"248.27";"137.08";"127.47";"65.00"
"2026-09-29";"04:20";"147.35";"NT";"199.42";"248.27";"137.08";"127.47";"65.00"
"2026-09-29";"04:25";"147.35";"NT";"199.42";"248.27";"137.08";"127.47";"65.00"
"2026-09-29";"04:30";"142.16";"NT";"193.14";"241.30";"131.89";"127.47";"65.00"
"2026-09-29";"04:35";"142.16";"NT";"193.14";"241.30";"131.89";"127.47";"65.00"
"2026-09-29";"04:40";"142.16";"NT";"193.14";"241.30";"131.89";"127.47";"65.00"
"2026-09-29";"04:45";"156.85";"NT";"210.92";"261.05";"146.58";"127.47";"65.00"
"2026-09-29";"04:50";"156.85";"NT";"210.92";"261.05";"146.58";"127.47";"65.00"
"2026-09-29";"04:55";"156.85";"NT";"210.92";"261.05";"146.58";"127.47";"65.00"
"2026-09-29";"05:00";"136";"NT";"185.69";"233.02";"125.73";"127.47";"65.00"
"2026-09-29";"05:05";"136";"NT";"185.69";"233.02";"125.73";"127.47";"65.00"
"2026-09-29";"05:10";"136";"NT";"185.69";"233.02";"125.73";"127.47";"65.00"
"2026-09-29";"05:15";"140";"NT";"190.53";"238.39";"129.73";"127.47";"65.00"
"2026-09-29";"05:20";"140";"NT";"190.53";"238.39";"129.73";"127.47";"65.00"
"2026-09-29";"05:25";"140";"NT";"190.53";"238.39";"129.73";"127.47";"65.00"
"2026-09-29";"05:30";"153";"NT";"206.26";"255.87";"142.73";"127.47";"65.00"
"2026-09-29";"05:35";"153";"NT";"206.26";"255.87";"142.73";"127.47";"65.00"
"2026-09-29";"05:40";"153";"NT";"206.26";"255.87";"142.73";"127.47";"65.00"
"2026-09-29";"05:45";"172.28";"NT";"229.59";"281.79";"162.01";"127.47";"65.00"
"2026-09-29";"05:50";"172.28";"NT";"229.59";"281.79";"162.01";"127.47";"65.00"
"2026-09-29";"05:55";"172.28";"NT";"229.59";"281.79";"162.01";"127.47";"65.00"
"2026-09-29";"06:00";"163.54";"NT";"219.01";"270.04";"153.27";"127.47";"65.00"
"2026-09-29";"06:05";"163.54";"NT";"219.01";"270.04";"153.27";"127.47";"65.00"
"2026-09-29";"06:10";"163.54";"NT";"219.01";"270.04";"153.27";"127.47";"65.00"
"2026-09-29";"06:15";"217.49";"NT";"284.29";"342.57";"207.22";"127.47";"65.00"
"2026-09-29";"06:20";"217.49";"NT";"284.29";"342.57";"207.22";"127.47";"65.00"
"2026-09-29";"06:25";"217.49";"NT";"284.29";"342.57";"207.22";"127.47";"65.00"
"2026-09-29";"06:30";"230.69";"NT";"300.26";"360.32";"220.42";"127.47";"65.00"
"2026-09-29";"06:35";"230.69";"NT";"300.26";"360.32";"220.42";"127.47";"65.00"
"2026-09-29";"06:40";"230.69";"VT";"312.50";"373.92";"220.42";"139.71";"65.00"
"2026-09-29";"06:45";"227.12";"VT";"308.18";"369.12";"216.85";"139.71";"65.00"
"2026-09-29";"06:50";"227.12";"VT";"308.18";"369.12";"216.85";"139.71";"65.00"
"2026-09-29";"06:55";"227.12";"VT";"308.18";"369.12";"216.85";"139.71";"65.00"
"2026-09-29";"07:00";"208.36";"VT";"285.48";"343.90";"198.09";"139.71";"65.00"
"2026-09-29";"07:05";"208.36";"VT";"285.48";"343.90";"198.09";"139.71";"65.00"
"2026-09-29";"07:10";"208.36";"VT";"285.48";"343.90";"198.09";"139.71";"65.00"
"2026-09-29";"07:15";"209.67";"VT";"287.07";"345.66";"199.40";"139.71";"65.00"
"2026-09-29";"07:20";"209.67";"NT";"274.83";"332.06";"199.40";"127.47";"65.00"
"2026-09-29";"07:25";"209.67";"NT";"274.83";"332.06";"199.40";"127.47";"65.00"
"2026-09-29";"07:30";"194.4";"NT";"256.35";"311.53";"184.13";"127.47";"65.00"
"2026-09-29";"07:35";"194.4";"NT";"256.35";"311.53";"184.13";"127.47";"65.00"
"2026-09-29";"07:40";"194.4";"NT";"256.35";"311.53";"184.13";"127.47";"65.00"
"2026-09-29";"07:45";"188.98";"NT";"249.79";"304.24";"178.71";"127.47";"65.00"
"2026-09-29";"07:50";"188.98";"NT";"249.79";"304.24";"178.71";"127.47";"65.00"
"2026-09-29";"07:55";"188.98";"NT";"249.79";"304.24";"178.71";"127.47";"65.00"
"2026-09-29";"08:00";"238.72";"NT";"309.98";"371.12";"228.45";"127.47";"65.00"
"2026-09-29";"08:05";"238.72";"NT";"309.98";"371.12";"228.45";"127.47";"65.00"
"2026-09-29";"08:10";"238.72";"NT";"309.98";"371.12";"228.45";"127.47";"65.00"
"2026-09-29";"08:15";"224.61";"NT";"292.91";"352.15";"214.34";"127.47";"65.00"
"2026-09-29";"08:20";"224.61";"NT";"292.91";"352.15";"214.34";"127.47";"65.00"
"2026-09-29";"08:25";"224.61";"NT";"292.91";"352.15";"214.34";"127.47";"65.00"
"2026-09-29";"08:30";"199.87";"NT";"262.97";"318.88";"189.60";"127.47";"65.00"
"2026-09-29";"08:35";"199.87";"NT";"262.97";"318.88";"189.60";"127.47";"65.00"
"2026-09-29";"08:40";"199.87";"NT";"262.97";"318.88";"189.60";"127.47";"65.00"
"2026-09-29";"08:45";"137.75";"NT";"187.81";"235.37";"127.48";"127.47";"65.00"
"2026-09-29";"08:50";"137.75";"NT";"187.81";"235.37";"127.48";"127.47";"65.00"
"2026-09-29";"08:55";"137.75";"NT";"187.81";"235.37";"127.48";"127.47";"65.00"
"2026-09-29";"09:00";"193.99";"NT";"255.86";"310.98";"183.72";"127.47";"65.00"
"2026-09-29";"09:05";"193.99";"NT";"255.86";"310.98";"183.72";"127.47";"65.00"
"2026-09-29";"09:10";"193.99";"NT";"255.86";"310.98";"183.72";"127.47";"65.00"
"2026-09-29";"09:15";"174.44";"NT";"232.20";"284.70";"164.17";"127.47";"65.00"
"2026-09-29";"09:20";"174.44";"NT";"232.20";"284.70";"164.17";"127.47";"65.00"
"2026-09-29";"09:25";"174.44";"NT";"232.20";"284.70";"164.17";"127.47";"65.00"
"2026-09-29";"09:30";"130";"NT";"178.43";"224.95";"119.73";"127.47";"65.00"
"2026-09-29";"09:35";"130";"NT";"178.43";"224.95";"119.73";"127.47";"65.00"
"2026-09-29";"09:40";"130";"NT";"178.43";"224.95";"119.73";"127.47";"65.00"
"2026-09-29";"09:45";"118.28";"NT";"164.25";"209.19";"108.01";"127.47";"65.00"
"2026-09-29";"09:50";"118.28";"NT";"164.25";"209.19";"108.01";"127.47";"65.00"
"2026-09-29";"09:55";"118.28";"NT";"164.25";"209.19";"108.01";"127.47";"65.00"
"2026-09-29";"10:00";"101.78";"NT";"144.28";"187.01";"91.51";"127.47";"65.00"
"2026-09-29";"10:05";"101.78";"NT";"144.28";"187.01";"91.51";"127.47";"65.00"
"2026-09-29";"10:10";"101.78";"NT";"144.28";"187.01";"91.51";"127.47";"65.00"
"2026-09-29";"10:15";"99.31";"NT";"141.29";"183.69";"89.04";"127.47";"65.00"
"2026-09-29";"10:20";"99.31";"NT";"141.29";"183.69";"89.04";"127.47";"65.00"
"2026-09-29";"10:25";"99.31";"NT";"141.29";"183.69";"89.04";"127.47";"65.00"
"2026-09-29";"10:30";"89.65";"NT";"129.61";"170.70";"79.38";"127.47";"65.00"
"2026-09-29";"10:35";"89.65";"NT";"129.61";"170.70";"79.38";"127.47";"65.00"
"2026-09-29";"10:40";"89.65";"NT";"129.61";"170.70";"79.38";"127.47";"65.00"
"2026-09-29";"10:45";"84.94";"NT";"123.91";"164.37";"74.67";"127.47";"65.00"
"2026-09-29";"10:50";"84.94";"NT";"123.91";"164.37";"74.67";"127.47";"65.00"
"2026-09-29";"10:55";"84.94";"NT";"123.91";"164.37";"74.67";"127.47";"65.00"
"2026-09-29";"11:00";"76.26";"VT";"125.64";"166.30";"65.99";"139.71";"65.00"
"2026-09-29";"11:05";"76.26";"VT";"125.64";"166.30";"65.99";"139.71";"65.00"
"2026-09-29";"11:10";"76.26";"VT";"125.64";"166.30";"65.99";"139.71";"65.00"
"2026-09-29";"11:15";"77.94";"VT";"127.68";"168.56";"67.67";"139.71";"65.00"
"2026-09-29";"11:20";"77.94";"VT";"127.68";"168.56";"67.67";"139.71";"65.00"
"2026-09-29";"11:25";"77.94";"VT";"127.68";"168.56";"67.67";"139.71";"65.00"
"2026-09-29";"11:30";"93.91";"VT";"147.00";"190.03";"83.64";"139.71";"65.00"
"2026-09-29";"11:35";"93.91";"VT";"147.00";"190.03";"83.64";"139.71";"65.00"
"2026-09-29";"11:40";"93.91";"NT";"134.76";"176.43";"83.64";"127.47";"65.00"
"2026-09-29";"11:45";"90.33";"NT";"130.43";"171.61";"80.06";"127.47";"65.00"
"2026-09-29";"11:50";"90.33";"NT";"130.43";"171.61";"80.06";"127.47";"65.00"
"2026-09-29";"11:55";"90.33";"NT";"130.43";"171.61";"80.06";"127.47";"65.00"
"2026-09-29";"12:00";"91.02";"NT";"131.26";"172.54";"80.75";"127.47";"65.00"
"2026-09-29";"12:05";"91.02";"NT";"131.26";"172.54";"80.75";"127.47";"65.00"
"2026-09-29";"12:10";"91.02";"NT";"131.26";"172.54";"80.75";"127.47";"65.00"
"2026-09-29";"12:15";"82.26";"NT";"120.66";"160.76";"71.99";"127.47";"65.00"
"2026-09-29";"12:20";"82.26";"NT";"120.66";"160.76";"71.99";"127.47";"65.00"
"2026-09-29";"12:25";"82.26";"NT";"120.66";"160.76";"71.99";"127.47";"65.00"
"2026-09-29";"12:30";"90.76";"NT";"130.95";"172.19";"80.49";"127.47";"65.00"
"2026-09-29";"12:35";"90.76";"NT";"130.95";"172.19";"80.49";"127.47";"65.00"
"2026-09-29";"12:40";"90.76";"NT";"130.95";"172.19";"80.49";"127.47";"65.00"
"2026-09-29";"12:45";"82.76";"NT";"121.27";"161.44";"72.49";"127.47";"65.00"
"2026-09-29";"12:50";"82.76";"NT";"121.27";"161.44";"72.49";"127.47";"65.00"
"2026-09-29";"12:55";"82.76";"NT";"121.27";"161.44";"72.49";"127.47";"65.00"
"2026-09-29";"13:00";"93.1";"NT";"133.78";"175.34";"82.83";"127.47";"65.00"
"2026-09-29";"13:05";"93.1";"NT";"133.78";"175.34";"82.83";"127.47";"65.00"
"2026-09-29";"13:10";"93.1";"NT";"133.78";"175.34";"82.83";"127.47";"65.00"
"2026-09-29";"13:15";"87";"NT";"126.40";"167.14";"76.73";"127.47";"65.00"
"2026-09-29";"13:20";"87";"NT";"126.40";"167.14";"76.73";"127.47";"65.00"
"2026-09-29";"13:25";"87";"NT";"126.40";"167.14";"76.73";"127.47";"65.00"
"2026-09-29";"13:30";"74.15";"NT";"110.85";"149.86";"63.88";"127.47";"65.00"
"2026-09-29";"13:35";"74.15";"NT";"110.85";"149.86";"63.88";"127.47";"65.00"
"2026-09-29";"13:40";"74.15";"NT";"110.85";"149.86";"63.88";"127.47";"65.00"
"2026-09-29";"13:45";"59.59";"NT";"93.23";"130.29";"49.32";"127.47";"65.00"
"2026-09-29";"13:50";"59.59";"NT";"93.23";"130.29";"49.32";"127.47";"65.00"
"2026-09-29";"13:55";"59.59";"NT";"93.23";"130.29";"49.32";"127.47";"65.00"
"2026-09-29";"14:00";"65.66";"VT";"112.82";"152.05";"55.39";"139.71";"65.00"
"2026-09-29";"14:05";"65.66";"VT";"112.82";"152.05";"55.39";"139.71";"65.00"
"2026-09-29";"14:10";"65.66";"VT";"112.82";"152.05";"55.39";"139.71";"65.00"
"2026-09-29";"14:15";"79.03";"VT";"129.00";"170.02";"68.76";"139.71";"65.00"
"2026-09-29";"14:20";"79.03";"VT";"129.00";"170.02";"68.76";"139.71";"65.00"
"2026-09-29";"14:25";"79.03";"VT";"129.00";"170.02";"68.76";"139.71";"65.00"
"2026-09-29";"14:30";"88.03";"VT";"139.89";"182.12";"77.76";"139.71";"65.00"
"2026-09-29";"14:35";"88.03";"VT";"139.89";"182.12";"77.76";"139.71";"65.00"
"2026-09-29";"14:40";"88.03";"NT";"127.65";"168.52";"77.76";"127.47";"65.00"
"2026-09-29";"14:45";"93.47";"NT";"134.23";"175.84";"83.20";"127.47";"65.00"
"2026-09-29";"14:50";"93.47";"NT";"134.23";"175.84";"83.20";"127.47";"65.00"
"2026-09-29";"14:55";"93.47";"NT";"134.23";"175.84";"83.20";"127.47";"65.00"
"2026-09-29";"15:00";"89.63";"NT";"129.58";"170.67";"79.36";"127.47";"65.00"
"2026-09-29";"15:05";"89.63";"NT";"129.58";"170.67";"79.36";"127.47";"65.00"
"2026-09-29";"15:10";"89.63";"NT";"129.58";"170.67";"79.36";"127.47";"65.00"
"2026-09-29";"15:15";"108.81";"NT";"152.79";"196.46";"98.54";"127.47";"65.00"
"2026-09-29";"15:20";"108.81";"NT";"152.79";"196.46";"98.54";"127.47";"65.00"
"2026-09-29";"15:25";"108.81";"NT";"152.79";"196.46";"98.54";"127.47";"65.00"
"2026-09-29";"15:30";"121.64";"NT";"168.31";"213.71";"111.37";"127.47";"65.00"
"2026-09-29";"15:35";"121.64";"NT";"168.31";"213.71";"111.37";"127.47";"65.00"
"2026-09-29";"15:40";"121.64";"NT";"168.31";"213.71";"111.37";"127.47";"65.00"
"2026-09-29";"15:45";"118.88";"NT";"164.97";"210.00";"108.61";"127.47";"65.00"
"2026-09-29";"15:50";"118.88";"NT";"164.97";"210.00";"108.61";"127.47";"65.00"
"2026-09-29";"15:55";"118.88";"NT";"164.97";"210.00";"108.61";"127.47";"65.00"
"2026-09-29";"16:00";"101.25";"NT";"143.64";"186.30";"90.98";"127.47";"65.00"
"2026-09-29";"16:05";"101.25";"NT";"143.64";"186.30";"90.98";"127.47";"65.00"
"2026-09-29";"16:10";"101.25";"NT";"143.64";"186.30";"90.98";"127.47";"65.00"
"2026-09-29";"16:15";"119.18";"NT";"165.34";"210.40";"108.91";"127.47";"65.00"
"2026-09-29";"16:20";"119.18";"NT";"165.34";"210.40";"108.91";"127.47";"65.00"
"2026-09-29";"16:25";"119.18";"NT";"165.34";"210.40";"108.91";"127.47";"65.00"
"2026-09-29";"16:30";"151.09";"NT";"203.95";"253.30";"140.82";"127.47";"65.00"
"2026-09-29";"16:35";"151.09";"NT";"203.95";"253.30";"140.82";"127.47";"65.00"
"2026-09-29";"16:40";"151.09";"NT";"203.95";"253.30";"140.82";"127.47";"65.00"
"2026-09-29";"16:45";"202.16";"NT";"265.74";"321.96";"191.89";"127.47";"65.00"
"2026-09-29";"16:50";"202.16";"NT";"265.74";"321.96";"191.89";"127.47";"65.00"
"2026-09-29";"16:55";"202.16";"NT";"265.74";"321.96";"191.89";"127.47";"65.00"
"2026-09-29";"17:00";"171.07";"NT";"228.12";"280.16";"160.80";"127.47";"65.00"
"2026-09-29";"17:05";"171.07";"NT";"228.12";"280.16";"160.80";"127.47";"65.00"
"2026-09-29";"17:10";"171.07";"NT";"228.12";"280.16";"160.80";"127.47";"65.00"
"2026-09-29";"17:15";"203.75";"NT";"267.67";"324.10";"193.48";"127.47";"65.00"
"2026-09-29";"17:20";"203.75";"NT";"267.67";"324.10";"193.48";"127.47";"65.00"
"2026-09-29";"17:25";"203.75";"NT";"267.67";"324.10";"193.48";"127.47";"65.00"
"2026-09-29";"17:30";"223.72";"NT";"291.83";"350.95";"213.45";"127.47";"65.00"
"2026-09-29";"17:35";"223.72";"NT";"291.83";"350.95";"213.45";"127.47";"65.00"
"2026-09-29";"17:40";"223.72";"NT";"291.83";"350.95";"213.45";"127.47";"65.00"
"2026-09-29";"17:45";"230.02";"NT";"299.45";"359.42";"219.75";"127.47";"65.00"
"2026-09-29";"17:50";"230.02";"NT";"299.45";"359.42";"219.75";"127.47";"65.00"
"2026-09-29";"17:55";"230.02";"NT";"299.45";"359.42";"219.75";"127.47";"65.00"
"2026-09-29";"18:00";"217.74";"NT";"284.59";"342.91";"207.47";"127.47";"65.00"
"2026-09-29";"18:05";"217.74";"NT";"284.59";"342.91";"207.47";"127.47";"65.00"
"2026-09-29";"18:10";"217.74";"NT";"284.59";"342.91";"207.47";"127.47";"65.00"
"2026-09-29";"18:15";"222.1";"NT";"289.87";"348.77";"211.83";"127.47";"65.00"
"2026-09-29";"18:20";"222.1";"NT";"289.87";"348.77";"211.83";"127.47";"65.00"
"2026-09-29";"18:25";"222.1";"NT";"289.87";"348.77";"211.83";"127.47";"65.00"
"2026-09-29";"18:30";"219";"NT";"286.12";"344.60";"208.73";"127.47";"65.00"
"2026-09-29";"18:35";"219";"NT";"286.12";"344.60";"208.73";"127.47";"65.00"
"2026-09-29";"18:40";"219";"VT";"298.36";"358.20";"208.73";"139.71";"65.00"
"2026-09-29";"18:45";"230.26";"VT";"311.98";"373.34";"219.99";"139.71";"65.00"
"2026-09-29";"18:50";"230.26";"VT";"311.98";"373.34";"219.99";"139.71";"65.00"
"2026-09-29";"18:55";"230.26";"VT";"311.98";"373.34";"219.99";"139.71";"65.00"
"2026-09-29";"19:00";"245.09";"VT";"329.93";"393.28";"234.82";"139.71";"65.00"
"2026-09-29";"19:05";"245.09";"VT";"329.93";"393.28";"234.82";"139.71";"65.00"
"2026-09-29";"19:10";"245.09";"VT";"329.93";"393.28";"234.82";"139.71";"65.00"
"2026-09-29";"19:15";"244.01";"VT";"328.62";"391.83";"233.74";"139.71";"65.00"
"2026-09-29";"19:20";"244.01";"NT";"316.38";"378.23";"233.74";"127.47";"65.00"
"2026-09-29";"19:25";"244.01";"NT";"316.38";"378.23";"233.74";"127.47";"65.00"
"2026-09-29";"19:30";"242.9";"NT";"315.04";"376.74";"232.63";"127.47";"65.00"
"2026-09-29";"19:35";"242.9";"NT";"315.04";"376.74";"232.63";"127.47";"65.00"
"2026-09-29";"19:40";"242.9";"NT";"315.04";"376.74";"232.63";"127.47";"65.00"
"2026-09-29";"19:45";"208";"NT";"272.81";"329.82";"197.73";"127.47";"65.00"
"2026-09-29";"19:50";"208";"NT";"272.81";"329.82";"197.73";"127.47";"65.00"
"2026-09-29";"19:55";"208";"NT";"272.81";"329.82";"197.73";"127.47";"65.00"
"2026-09-29";"20:00";"220.94";"NT";"288.47";"347.21";"210.67";"127.47";"65.00"
"2026-09-29";"20:05";"220.94";"NT";"288.47";"347.21";"210.67";"127.47";"65.00"
"2026-09-29";"20:10";"220.94";"NT";"288.47";"347.21";"210.67";"127.47";"65.00"
"2026-09-29";"20:15";"196.4";"NT";"258.77";"314.22";"186.13";"127.47";"65.00"
"2026-09-29";"20:20";"196.4";"NT";"258.77";"314.22";"186.13";"127.47";"65.00"
"2026-09-29";"20:25";"196.4";"NT";"258.77";"314.22";"186.13";"127.47";"65.00"
"2026-09-29";"20:30";"184.71";"NT";"244.63";"298.50";"174.44";"127.47";"65.00"
"2026-09-29";"20:35";"184.71";"NT";"244.63";"298.50";"174.44";"127.47";"65.00"
"2026-09-29";"20:40";"184.71";"NT";"244.63";"298.50";"174.44";"127.47";"65.00"
"2026-09-29";"20:45";"167.13";"NT";"223.36";"274.87";"156.86";"127.47";"65.00"
"2026-09-29";"20:50";"167.13";"NT";"223.36";"274.87";"156.86";"127.47";"65.00"
"2026-09-29";"20:55";"167.13";"NT";"223.36";"274.87";"156.86";"127.47";"65.00"
"2026-09-29";"21:00";"183.23";"NT";"242.84";"296.51";"172.96";"127.47";"65.00"
"2026-09-29";"21:05";"183.23";"NT";"242.84";"296.51";"172.96";"127.47";"65.00"
"2026-09-29";"21:10";"183.23";"NT";"242.84";"296.51";"172.96";"127.47";"65.00"
"2026-09-29";"21:15";"154.99";"NT";"208.67";"258.55";"144.72";"127.47";"65.00"
"2026-09-29";"21:20";"154.99";"NT";"208.67";"258.55";"144.72";"127.47";"65.00"
"2026-09-29";"21:25";"154.99";"NT";"208.67";"258.55";"144.72";"127.47";"65.00"
"2026-09-29";"21:30";"112.3";"NT";"157.01";"201.15";"102.03";"127.47";"65.00"
"2026-09-29";"21:35";"112.3";"NT";"157.01";"201.15";"102.03";"127.47";"65.00"
"2026-09-29";"21:40";"112.3";"NT";"157.01";"201.15";"102.03";"127.47";"65.00"
"2026-09-29";"21:45";"99.5";"NT";"141.52";"183.94";"89.23";"127.47";"65.00"
"2026-09-29";"21:50";"99.5";"NT";"141.52";"183.94";"89.23";"127.47";"65.00"
"2026-09-29";"21:55";"99.5";"NT";"141.52";"183.94";"89.23";"127.47";"65.00"
"2026-09-29";"22:00";"94.18";"NT";"135.09";"176.79";"83.91";"127.47";"65.00"
"2026-09-29";"22:05";"94.18";"NT";"135.09";"176.79";"83.91";"127.47";"65.00"
"2026-09-29";"22:10";"94.18";"NT";"135.09";"176.79";"83.91";"127.47";"65.00"
"2026-09-29";"22:15";"97.34";"NT";"138.91";"181.04";"87.07";"127.47";"65.00"
"2026-09-29";"22:20";"97.34";"VT";"151.15";"194.64";"87.07";"139.71";"65.00"
"2026-09-29";"22:25";"97.34";"VT";"151.15";"194.64";"87.07";"139.71";"65.00"
"2026-09-29";"22:30";"100.56";"VT";"155.05";"198.97";"90.29";"139.71";"65.00"
"2026-09-29";"22:35";"100.56";"VT";"155.05";"198.97";"90.29";"139.71";"65.00"
"2026-09-29";"22:40";"100.56";"VT";"155.05";"198.97";"90.29";"139.71";"65.00"
"2026-09-29";"22:45";"102.03";"VT";"156.83";"200.94";"91.76";"139.71";"65.00"
"2026-09-29";"22:50";"102.03";"VT";"156.83";"200.94";"91.76";"139.71";"65.00"
"2026-09-29";"22:55";"102.03";"VT";"156.83";"200.94";"91.76";"139.71";"65.00"
"2026-09-29";"23:00";"88.53";"NT";"128.25";"169.19";"78.26";"127.47";"65.00"
"2026-09-29";"23:05";"88.53";"NT";"128.25";"169.19";"78.26";"127.47";"65.00"
"2026-09-29";"23:10";"88.53";"NT";"128.25";"169.19";"78.26";"127.47";"65.00"
"2026-09-29";"23:15";"81.45";"NT";"119.68";"159.68";"71.18";"127.47";"65.00"
"2026-09-29";"23:20";"81.45";"NT";"119.68";"159.68";"71.18";"127.47";"65.00"
"2026-09-29";"23:25";"81.45";"NT";"119.68";"159.68";"71.18";"127.47";"65.00"
"2026-09-29";"23:30";"80.43";"NT";"118.45";"158.30";"70.16";"127.47";"65.00"
"2026-09-29";"23:35";"80.43";"NT";"118.45";"158.30";"70.16";"127.47";"65.00"
"2026-09-29";"23:40";"80.43";"NT";"118.45";"158.30";"70.16";"127.47";"65.00"
"2026-09-29";"23:45";"67.04";"NT";"102.25";"140.30";"56.77";"127.47";"65.00"
"2026-09-29";"23:50";"67.04";"NT";"102.25";"140.30";"56.77";"127.47";"65.00"
"2026-09-29";"23:55";"67.04";"NT";"102.25";"140.30";"56.77";"127.47";"65.00"
